CREATE DATABASE BCA_2A_ROLL_162 

CREATE TABLE DEPOSIT(
ACTNO INT,
CNAME VARCHAR(50),
BNAME VARCHAR(50),
AMOUNT DECIMAL(8,2),
ADATE DATETIME
);
SELECT*FROM DEPOSIT

CREATE TABLE BRANCH(
BNAME VARCHAR(50),
CITY VARCHAR(50)
);
SELECT*FROM BRANCH

CREATE TABLE CUSTOMERS(
CNAME VARCHAR(50),
CITY VARCHAR(50)
);
SELECT*FROM CUSTOMERS

CREATE TABLE BORROW(
LOANNO INT,
CNAME VARCHAR(50),
BNAME VARCHAR(50),
AMOUNT DECIMAL(8,2)
);
SELECT * FROM BORROW

INSERT INTO DEPOSIT
VALUES(101, 'ANIL',' VRCE', 1000.00, '01-MAR-95')

INSERT INTO DEPOSIT
 VALUES(102, 'SUNIL', 'AJNI', 5000.00, '04-JAN-96');
INSERT INTO DEPOSIT VALUES(103,' MEHUL',' KAROLBAGH', 3500.00,' 17-NOV-95');
INSERT INTO DEPOSIT VALUES(104, 'MADHURI',' CHANDI', 1200.00,' 17-DEC-95');
INSERT INTO DEPOSIT VALUES(105,' PRMOD',' M.G. ROAD', 3000.00,' 27-MAR-96');
INSERT INTO DEPOSIT VALUES(106,' SANDIP',' ANDHERI', 2000.00, '31-MAR-96');
INSERT INTO DEPOSIT VALUES(107,' SHIVANI', 'VIRAR', 1000.00,' 05-SEP-95');
INSERT INTO DEPOSIT VALUES(108,' KRANTI', 'NEHRU PLACE', 5000.00,' 02-JUL-95');
INSERT INTO DEPOSIT VALUES(109,' MINU', 'POWAI', 7000.00,' 10-AUG-95');
INSERT INTO DEPOSIT VALUES(110,' KARAN',' BANDRA', 4500.00 ,'23-FEB-94');

	  SELECT*FROM DEPOSIT
INSERT INTO BRANCH
VALUES('VRCE',' NAGPUR' ),
      ('AJNI',' NAGPUR'),
      ('KAROLBAGH', 'DELHI '),
      ('CHANDI',' DELHI'),
      ('DHARAMPETH',' NAGPUR'),
	  ('M.G. ROAD',' BANGLORE' ),
	  ('ANDHERI',' BOMBAY'),
	  ('VIRAR',' BOMBAY'),
	  ('NEHRU PLACE',' DELHI' ),
	  ('POWAI',' BOMBAY' )

SELECT * FROM BRANCH

INSERT INTO CUSTOMERS
VALUES('ANIL',' CALCUTTA' ),
     ('SUNIL',' DELHI'),
     ('MEHUL', 'BARODA'),
     ('MANDAR', 'PATNA'),
     ('MADHURI',' NAGPUR'),
     ('PRAMOD', 'NAGPUR'),
     ('SANDIP',' SURAT'),
     ('SHIVANI',' BOMBAY'),
    ('KRANTI',' BOMBAY'),
    ('NAREN',' BOMBAY')

	SELECT * FROM CUSTOMERS

INSERT INTO BORROW 
VALUES(201,' ANIL',' VRCE', 1000.00),
      (206,' MEHUL', 'AJNI', 5000.00),
      (311,' SUNIL',' DHARAMPETH', 3000.00),
      (321,' MADHURI', 'ANDHERI', 2000.00),
      (375,' PRMOD',' VIRAR ',8000.00),
      (481,' KRANTI',' NEHRU PLACE', 3000.00)

SELECT * FROM BORROW